<?xml version="1.0" encoding="UTF-8"?>
<QCARConfig>
  <Tracking>
    <ImageTarget name="bahan12" size="20.000000 35.558342" />
    <ImageTarget name="fate-trigger-the-3840x2160-19001" size="20.000000 11.250000" />
    <ImageTarget name="zenitsu-agatsuma-3840x2160-17045" size="20.000000 11.250000" />
    <ImageTarget name="tanjiro-kamado-3840x2160-16947" size="20.000000 11.250000" />
    <ImageTarget name="satoru-gojo-3840x2160-16721" size="20.000000 11.250000" />
    <ImageTarget name="naruto-uzumaki-3840x2160-18685" size="20.000000 11.250000" />
  </Tracking>
</QCARConfig>
